Workbook

Sheet Raw Transactions
B2: DAY 10: PIVOT TABLES FOUNDATIONS & SOURCE DATA DESIGN
B3: Designing tabular datasets ready for pivoting, field layout, and aggregation models.
B5: Txn ID | C5: Transaction Date | D5: Region | E5: Product Category | F5: Sales Channel | G5: Units | H5: Revenue ($) | I5: Profit ($)
B6: TX-1001 | C6: 2026-01-10 | D6: North America | E6: Electronics | F6: Online | G6: 25 | H6: 12500 | I6: 3750
B7: TX-1002 | C7: 2026-01-12 | D7: Europe | E7: Apparel | F7: Retail Store | G7: 60 | H7: 4800 | I7: 1920
B8: TX-1003 | C8: 2026-01-15 | D8: Asia-Pacific | E8: Home Goods | F8: Online | G8: 40 | H8: 6000 | I8: 1800
B9: TX-1004 | C9: 2026-01-18 | D9: North America | E9: Apparel | F9: Distributor | G9: 110 | H9: 8800 | I9: 2640
B10: TX-1005 | C10: 2026-01-22 | D10: Europe | E10: Electronics | F10: Online | G10: 18 | H10: 9000 | I10: 2700
B11: TX-1006 | C11: 2026-01-25 | D11: Latin America | E11: Home Goods | F11: Retail Store | G11: 35 | H11: 4200 | I11: 1260
B12: TX-1007 | C12: 2026-02-02 | D12: North America | E12: Home Goods | F12: Online | G12: 55 | H12: 7700 | I12: 2310
B13: TX-1008 | C13: 2026-02-05 | D13: Asia-Pacific | E13: Electronics | F13: Online | G13: 32 | H13: 16000 | I13: 4800
B14: TX-1009 | C14: 2026-02-10 | D14: Europe | E14: Apparel | F14: Distributor | G14: 75 | H14: 6000 | I14: 1800
B15: TX-1010 | C15: 2026-02-14 | D15: Latin America | E15: Electronics | F15: Retail Store | G15: 12 | H15: 6000 | I15: 1500
B16: Grand Total | G16: =SUM(G6:G15) | H16: =SUM(H6:H15) | I16: =SUM(I6:I15)

Sheet Pivot Summary View
B2: PIVOT TABLE SIMULATION: REGION BY CATEGORY
B3: Two-dimensional matrix representing Pivot Table cross-tabulation.
B5: Region | C5: Electronics ($) | D5: Apparel ($) | E5: Home Goods ($) | F5: Total Revenue ($)
B6: North America | C6: =SUMIFS('Raw Transactions'!$H$6:$H$15,'Raw Transactions'!$D$6:$D$15,"North America",'Raw Transactions'!$E$6:$E$15,"Electronics") | D6: =SUMIFS('Raw Transactions'!$H$6:$H$15,'Raw Transactions'!$D$6:$D$15,"North America",'Raw Transactions'!$E$6:$E$15,"Apparel") | E6: =SUMIFS('Raw Transactions'!$H$6:$H$15,'Raw Transactions'!$D$6:$D$15,"North America",'Raw Transactions'!$E$6:$E$15,"Home Goods") | F6: =SUM(C6:E6)
B7: Europe | C7: =SUMIFS('Raw Transactions'!$H$6:$H$15,'Raw Transactions'!$D$6:$D$15,"Europe",'Raw Transactions'!$E$6:$E$15,"Electronics") | D7: =SUMIFS('Raw Transactions'!$H$6:$H$15,'Raw Transactions'!$D$6:$D$15,"Europe",'Raw Transactions'!$E$6:$E$15,"Apparel") | E7: =SUMIFS('Raw Transactions'!$H$6:$H$15,'Raw Transactions'!$D$6:$D$15,"Europe",'Raw Transactions'!$E$6:$E$15,"Home Goods") | F7: =SUM(C7:E7)
B8: Asia-Pacific | C8: =SUMIFS('Raw Transactions'!$H$6:$H$15,'Raw Transactions'!$D$6:$D$15,"Asia-Pacific",'Raw Transactions'!$E$6:$E$15,"Electronics") | D8: =SUMIFS('Raw Transactions'!$H$6:$H$15,'Raw Transactions'!$D$6:$D$15,"Asia-Pacific",'Raw Transactions'!$E$6:$E$15,"Apparel") | E8: =SUMIFS('Raw Transactions'!$H$6:$H$15,'Raw Transactions'!$D$6:$D$15,"Asia-Pacific",'Raw Transactions'!$E$6:$E$15,"Home Goods") | F8: =SUM(C8:E8)
B9: Latin America | C9: =SUMIFS('Raw Transactions'!$H$6:$H$15,'Raw Transactions'!$D$6:$D$15,"Latin America",'Raw Transactions'!$E$6:$E$15,"Electronics") | D9: =SUMIFS('Raw Transactions'!$H$6:$H$15,'Raw Transactions'!$D$6:$D$15,"Latin America",'Raw Transactions'!$E$6:$E$15,"Apparel") | E9: =SUMIFS('Raw Transactions'!$H$6:$H$15,'Raw Transactions'!$D$6:$D$15,"Latin America",'Raw Transactions'!$E$6:$E$15,"Home Goods") | F9: =SUM(C9:E9)
B10: Total | C10: =SUM(C6:C9) | D10: =SUM(D6:D9) | E10: =SUM(E6:E9) | F10: =SUM(F6:F9)
